ProteinID,Site,Sequon,Species,TaxonID,GeneName
tr|D6NGG2|D6NGG2_ROTGA,48,NDR,Rotavirus B (isolate RVB/Human/China/ADRV/1982),10942,NSP2
tr|D6NGG2|D6NGG2_ROTGA,81,NTD,Rotavirus B (isolate RVB/Human/China/ADRV/1982),10942,NSP2
tr|D6NGG2|D6NGG2_ROTGA,98,NLL,Rotavirus B (isolate RVB/Human/China/ADRV/1982),10942,NSP2
tr|D6NGG2|D6NGG2_ROTGA,105,NQE,Rotavirus B (isolate RVB/Human/China/ADRV/1982),10942,NSP2
tr|D6NGG2|D6NGG2_ROTGA,150,NAF,Rotavirus B (isolate RVB/Human/China/ADRV/1982),10942,NSP2
tr|D6NGG2|D6NGG2_ROTGA,170,NVV,Rotavirus B (isolate RVB/Human/China/ADRV/1982),10942,NSP2
tr|D6NGG2|D6NGG2_ROTGA,212,NGM,Rotavirus B (isolate RVB/Human/China/ADRV/1982),10942,NSP2
tr|D6NGG2|D6NGG2_ROTGA,223,NQF,Rotavirus B (isolate RVB/Human/China/ADRV/1982),10942,NSP2
tr|D6NGG4|D6NGG4_ROTGA,6,NMQ,,,
tr|D6NGG4|D6NGG4_ROTGA,27,NHE,,,
tr|D6NGG4|D6NGG4_ROTGA,75,NIV,,,
tr|D6NGG4|D6NGG4_ROTGA,189,NQH,,,
tr|D6NGG4|D6NGG4_ROTGA,206,NKQ,,,
tr|D6NGG4|D6NGG4_ROTGA,214,NSR,,,
tr|D6NGG4|D6NGG4_ROTGA,217,NRL,,,
tr|Q6XD85|Q6XD85_ROTGA,73,NDA,Rotavirus B (isolate RVB/Human/China/ADRV/1982),10942,NSP5
tr|Q6XD85|Q6XD85_ROTGA,79,NFE,Rotavirus B (isolate RVB/Human/China/ADRV/1982),10942,NSP5
tr|Q6XD85|Q6XD85_ROTGA,124,NLE,Rotavirus B (isolate RVB/Human/China/ADRV/1982),10942,NSP5
tr|Q6XD85|Q6XD85_ROTGA,134,NQP,Rotavirus B (isolate RVB/Human/China/ADRV/1982),10942,NSP5
tr|Q6XD85|Q6XD85_ROTGA,144,NMI,Rotavirus B (isolate RVB/Human/China/ADRV/1982),10942,NSP5
tr|Q6XD85|Q6XD85_ROTGA,149,NVD,Rotavirus B (isolate RVB/Human/China/ADRV/1982),10942,NSP5
tr|Q6XD85|Q6XD85_ROTGA,163,NAI,Rotavirus B (isolate RVB/Human/China/ADRV/1982),10942,NSP5
tr|Q6XD85|Q6XD85_ROTGA,167,NSM,Rotavirus B (isolate RVB/Human/China/ADRV/1982),10942,NSP5
tr|C3V9V5|C3V9V5_ROTGA,8,NAC,Rotavirus B (isolate RVB/Human/China/ADRV/1982),10942,VP6
tr|C3V9V5|C3V9V5_ROTGA,23,NTN,Rotavirus B (isolate RVB/Human/China/ADRV/1982),10942,VP6
tr|C3V9V5|C3V9V5_ROTGA,27,NTA,Rotavirus B (isolate RVB/Human/China/ADRV/1982),10942,VP6
tr|C3V9V5|C3V9V5_ROTGA,35,NDY,Rotavirus B (isolate RVB/Human/China/ADRV/1982),10942,VP6
tr|C3V9V5|C3V9V5_ROTGA,38,NAL,Rotavirus B (isolate RVB/Human/China/ADRV/1982),10942,VP6
tr|C3V9V5|C3V9V5_ROTGA,45,NGK,Rotavirus B (isolate RVB/Human/China/ADRV/1982),10942,VP6
tr|C3V9V5|C3V9V5_ROTGA,53,NQI,Rotavirus B (isolate RVB/Human/China/ADRV/1982),10942,VP6
tr|C3V9V5|C3V9V5_ROTGA,64,NAP,Rotavirus B (isolate RVB/Human/China/ADRV/1982),10942,VP6
tr|C3V9V5|C3V9V5_ROTGA,116,NVK,Rotavirus B (isolate RVB/Human/China/ADRV/1982),10942,VP6
tr|C3V9V5|C3V9V5_ROTGA,137,NLA,Rotavirus B (isolate RVB/Human/China/ADRV/1982),10942,VP6
tr|C3V9V5|C3V9V5_ROTGA,170,NIG,Rotavirus B (isolate RVB/Human/China/ADRV/1982),10942,VP6
tr|C3V9V5|C3V9V5_ROTGA,177,NIR,Rotavirus B (isolate RVB/Human/China/ADRV/1982),10942,VP6
tr|C3V9V5|C3V9V5_ROTGA,188,NKG,Rotavirus B (isolate RVB/Human/China/ADRV/1982),10942,VP6
tr|C3V9V5|C3V9V5_ROTGA,217,NIV,Rotavirus B (isolate RVB/Human/China/ADRV/1982),10942,VP6
tr|C3V9V5|C3V9V5_ROTGA,236,NRE,Rotavirus B (isolate RVB/Human/China/ADRV/1982),10942,VP6
tr|C3V9V5|C3V9V5_ROTGA,262,NII,Rotavirus B (isolate RVB/Human/China/ADRV/1982),10942,VP6
tr|C3V9V5|C3V9V5_ROTGA,279,NRI,Rotavirus B (isolate RVB/Human/China/ADRV/1982),10942,VP6
tr|C3V9V5|C3V9V5_ROTGA,289,NNQ,Rotavirus B (isolate RVB/Human/China/ADRV/1982),10942,VP6
tr|C3V9V5|C3V9V5_ROTGA,296,NLG,Rotavirus B (isolate RVB/Human/China/ADRV/1982),10942,VP6
tr|C3V9V5|C3V9V5_ROTGA,304,NWA,Rotavirus B (isolate RVB/Human/China/ADRV/1982),10942,VP6
tr|C3V9V5|C3V9V5_ROTGA,350,NDV,Rotavirus B (isolate RVB/Human/China/ADRV/1982),10942,VP6
tr|C3V9V5|C3V9V5_ROTGA,356,NRP,Rotavirus B (isolate RVB/Human/China/ADRV/1982),10942,VP6
tr|C3V9V5|C3V9V5_ROTGA,363,NIQ,Rotavirus B (isolate RVB/Human/China/ADRV/1982),10942,VP6
tr|C3V9V5|C3V9V5_ROTGA,371,NTQ,Rotavirus B (isolate RVB/Human/China/ADRV/1982),10942,VP6
tr|D6NGF4|D6NGF4_ROTGA,17,NLL,,,
tr|D6NGF4|D6NGF4_ROTGA,50,NVL,,,
tr|D6NGF4|D6NGF4_ROTGA,96,NII,,,
tr|D6NGF4|D6NGF4_ROTGA,132,NAN,,,
tr|D6NGF4|D6NGF4_ROTGA,142,NIP,,,
tr|D6NGF4|D6NGF4_ROTGA,146,NEY,,,
tr|D6NGF4|D6NGF4_ROTGA,152,NEI,,,
tr|D6NGF4|D6NGF4_ROTGA,162,NKW,,,
tr|D6NGF4|D6NGF4_ROTGA,175,NFY,,,
tr|D6NGF4|D6NGF4_ROTGA,192,NSR,,,
tr|D6NGF4|D6NGF4_ROTGA,239,NSR,,,
tr|D6NGF4|D6NGF4_ROTGA,246,NAK,,,
tr|D6NGF4|D6NGF4_ROTGA,283,NAA,,,
tr|D6NGF4|D6NGF4_ROTGA,322,NNV,,,
tr|D6NGF4|D6NGF4_ROTGA,336,NMF,,,
tr|D6NGF4|D6NGF4_ROTGA,339,NSD,,,
tr|D6NGF4|D6NGF4_ROTGA,353,NSN,,,
tr|D6NGF4|D6NGF4_ROTGA,368,NCF,,,
tr|D6NGF4|D6NGF4_ROTGA,382,NAQ,,,
tr|D6NGF4|D6NGF4_ROTGA,406,NYY,,,
tr|D6NGF4|D6NGF4_ROTGA,413,NML,,,
tr|D6NGF4|D6NGF4_ROTGA,447,NGF,,,
tr|D6NGF4|D6NGF4_ROTGA,471,NDL,,,
tr|D6NGF4|D6NGF4_ROTGA,479,NDL,,,
tr|D6NGF4|D6NGF4_ROTGA,495,NVP,,,
tr|D6NGF4|D6NGF4_ROTGA,576,NTE,,,
tr|D6NGF4|D6NGF4_ROTGA,586,NAI,,,
tr|D6NGF4|D6NGF4_ROTGA,607,NMN,,,
tr|D6NGF4|D6NGF4_ROTGA,623,NSN,,,
tr|D6NGF4|D6NGF4_ROTGA,656,NSF,,,
tr|D6NGF4|D6NGF4_ROTGA,660,NVA,,,
tr|D6NGF4|D6NGF4_ROTGA,690,NVV,,,
tr|D6NGF4|D6NGF4_ROTGA,715,NGR,,,
tr|D6NGF4|D6NGF4_ROTGA,774,NAY,,,
tr|D6NGF4|D6NGF4_ROTGA,866,NTP,,,
tr|D6NGF4|D6NGF4_ROTGA,909,NVQ,,,
tr|D6NGF4|D6NGF4_ROTGA,924,NIL,,,
tr|D6NGF4|D6NGF4_ROTGA,969,NNK,,,
tr|D6NGF4|D6NGF4_ROTGA,995,NHL,,,
tr|D6NGF4|D6NGF4_ROTGA,1041,NTL,,,
tr|D6NGF4|D6NGF4_ROTGA,1094,NLP,,,
tr|D6NGF5|D6NGF5_ROTGA,13,NIH,,,
tr|D6NGF5|D6NGF5_ROTGA,38,NDG,,,
tr|D6NGF5|D6NGF5_ROTGA,57,NGL,,,
tr|D6NGF5|D6NGF5_ROTGA,102,NED,,,
tr|D6NGF5|D6NGF5_ROTGA,166,NDI,,,
tr|D6NGF5|D6NGF5_ROTGA,189,NTL,,,
tr|D6NGF5|D6NGF5_ROTGA,193,NLE,,,
tr|D6NGF5|D6NGF5_ROTGA,208,NIH,,,
tr|D6NGF5|D6NGF5_ROTGA,211,NTL,,,
tr|D6NGF5|D6NGF5_ROTGA,216,NFG,,,
tr|D6NGF5|D6NGF5_ROTGA,224,NII,,,
tr|D6NGF5|D6NGF5_ROTGA,245,NVV,,,
tr|D6NGF5|D6NGF5_ROTGA,275,NVI,,,
tr|D6NGF5|D6NGF5_ROTGA,349,NVF,,,
tr|D6NGF5|D6NGF5_ROTGA,357,NAK,,,
tr|D6NGF5|D6NGF5_ROTGA,384,NVA,,,
tr|D6NGF5|D6NGF5_ROTGA,413,NFG,,,
tr|D6NGF5|D6NGF5_ROTGA,441,NLC,,,
tr|D6NGF5|D6NGF5_ROTGA,444,NLV,,,
tr|D6NGF5|D6NGF5_ROTGA,448,NEL,,,
tr|D6NGF5|D6NGF5_ROTGA,468,NAF,,,
tr|D6NGF5|D6NGF5_ROTGA,473,NVN,,,
tr|D6NGF5|D6NGF5_ROTGA,517,NID,,,
tr|D6NGF5|D6NGF5_ROTGA,522,NIN,,,
tr|D6NGF5|D6NGF5_ROTGA,532,NNL,,,
tr|D6NGF5|D6NGF5_ROTGA,536,NGL,,,
tr|D6NGF5|D6NGF5_ROTGA,570,NRM,,,
tr|D6NGF5|D6NGF5_ROTGA,582,NIE,,,
tr|D6NGF5|D6NGF5_ROTGA,628,NKA,,,
tr|D6NGF5|D6NGF5_ROTGA,638,NLL,,,
tr|D6NGF5|D6NGF5_ROTGA,650,NFA,,,
tr|D6NGF5|D6NGF5_ROTGA,668,NDI,,,
tr|D6NGF5|D6NGF5_ROTGA,683,NIK,,,
tr|D6NGF5|D6NGF5_ROTGA,689,NVV,,,
tr|D6NGF5|D6NGF5_ROTGA,712,NNE,,,
tr|D6NGF5|D6NGF5_ROTGA,725,NRI,,,
tr|D6NGF5|D6NGF5_ROTGA,757,NFQ,,,
tr|D6NGF5|D6NGF5_ROTGA,769,NIL,,,
tr|D6NGF5|D6NGF5_ROTGA,797,NRV,,,
tr|D6NGF5|D6NGF5_ROTGA,801,NMA,,,
tr|D6NGF5|D6NGF5_ROTGA,847,NRV,,,
tr|D6NGF5|D6NGF5_ROTGA,867,NTQ,,,
tr|D6NGF5|D6NGF5_ROTGA,891,NDA,,,
tr|D6NGF5|D6NGF5_ROTGA,927,NGM,,,
tr|D6NGF7|D6NGF7_ROTGA,20,NTF,,,
tr|D6NGF7|D6NGF7_ROTGA,23,NAQ,,,
tr|D6NGF7|D6NGF7_ROTGA,87,NGI,,,
tr|D6NGF7|D6NGF7_ROTGA,93,NQA,,,
tr|D6NGF7|D6NGF7_ROTGA,116,NLH,,,
tr|D6NGF7|D6NGF7_ROTGA,186,NLL,,,
tr|D6NGF7|D6NGF7_ROTGA,202,NCA,,,
tr|D6NGF7|D6NGF7_ROTGA,205,NAR,,,
tr|D6NGF7|D6NGF7_ROTGA,210,NQD,,,
tr|D6NGF7|D6NGF7_ROTGA,252,NWL,,,
tr|D6NGF7|D6NGF7_ROTGA,276,NAH,,,
tr|D6NGF7|D6NGF7_ROTGA,302,NGQ,,,
tr|D6NGF7|D6NGF7_ROTGA,326,NQA,,,
tr|D6NGF7|D6NGF7_ROTGA,333,NFQ,,,
tr|D6NGF7|D6NGF7_ROTGA,346,NFG,,,
tr|D6NGF7|D6NGF7_ROTGA,355,NYI,,,
tr|D6NGF7|D6NGF7_ROTGA,365,NKP,,,
tr|D6NGF7|D6NGF7_ROTGA,371,NYA,,,
tr|D6NGF7|D6NGF7_ROTGA,376,NGG,,,
tr|D6NGF7|D6NGF7_ROTGA,395,NFV,,,
tr|D6NGF7|D6NGF7_ROTGA,409,NTR,,,
tr|D6NGF7|D6NGF7_ROTGA,476,NYG,,,
tr|D6NGF7|D6NGF7_ROTGA,491,NLQ,,,
tr|D6NGF7|D6NGF7_ROTGA,497,NSI,,,
tr|D6NGF7|D6NGF7_ROTGA,504,NIQ,,,
tr|D6NGF7|D6NGF7_ROTGA,518,NLG,,,
tr|D6NGF7|D6NGF7_ROTGA,574,NKM,,,
tr|D6NGF7|D6NGF7_ROTGA,587,NSM,,,
tr|D6NGF7|D6NGF7_ROTGA,631,NSR,,,
tr|D6NGF7|D6NGF7_ROTGA,650,NIF,,,
tr|D6NGF7|D6NGF7_ROTGA,656,NRK,,,
tr|D6NGF7|D6NGF7_ROTGA,659,NAH,,,
tr|D6NGF7|D6NGF7_ROTGA,664,NYK,,,
tr|D6NGF7|D6NGF7_ROTGA,691,NVR,,,
tr|D6NGF7|D6NGF7_ROTGA,700,NSF,,,
tr|D6NGF7|D6NGF7_ROTGA,730,NSV,,,
tr|D6NGF9|D6NGF9_ROTGA,14,NAQ,,,
tr|D6NGF9|D6NGF9_ROTGA,18,NIV,,,
tr|D6NGF9|D6NGF9_ROTGA,40,NKF,,,
tr|D6NGF9|D6NGF9_ROTGA,43,NGN,,,
tr|D6NGF9|D6NGF9_ROTGA,54,NSI,,,
tr|D6NGF9|D6NGF9_ROTGA,97,NVF,,,
tr|D6NGF9|D6NGF9_ROTGA,104,NNC,,,
tr|D6NGF9|D6NGF9_ROTGA,110,NAN,,,
tr|D6NGF9|D6NGF9_ROTGA,131,NLK,,,
tr|D6NGF9|D6NGF9_ROTGA,197,NYH,,,
tr|D6NGF9|D6NGF9_ROTGA,216,NWG,,,
tr|D6NGF9|D6NGF9_ROTGA,219,NVW,,,
tr|D6NGF9|D6NGF9_ROTGA,240,NSK,,,
tr|D6NGF9|D6NGF9_ROTGA,244,NVE,,,
tr|D6NGG3|D6NGG3_ROTGA,20,NEI,,,
tr|D6NGG3|D6NGG3_ROTGA,67,NFE,,,
tr|D6NGG3|D6NGG3_ROTGA,72,NLQ,,,
tr|D6NGG3|D6NGG3_ROTGA,77,NKA,,,
tr|D6NGG3|D6NGG3_ROTGA,98,NKD,,,
tr|D6NGG3|D6NGG3_ROTGA,111,NAE,,,
tr|D6NGG3|D6NGG3_ROTGA,126,NSF,,,
tr|D6NGG3|D6NGG3_ROTGA,140,NEQ,,,
tr|D6NGG3|D6NGG3_ROTGA,184,NKM,,,
tr|D6NGG3|D6NGG3_ROTGA,194,NQR,,,
tr|D6NGG3|D6NGG3_ROTGA,216,NSH,,,
tr|D6NGG3|D6NGG3_ROTGA,255,NKI,,,
tr|D6NGG3|D6NGG3_ROTGA,263,NRA,,,
tr|D6NGG3|D6NGG3_ROTGA,289,NHE,,,
tr|D6NGG3|D6NGG3_ROTGA,292,NSE,,,
tr|D6NGG3|D6NGG3_ROTGA,340,NLN,,,
tr|B6RUN8|B6RUN8_ROTGA,16,NRE,Rotavirus B (isolate RVB/Human/China/ADRV/1982),10942,VP3
tr|B6RUN8|B6RUN8_ROTGA,57,NDE,Rotavirus B (isolate RVB/Human/China/ADRV/1982),10942,VP3
tr|B6RUN8|B6RUN8_ROTGA,75,NCE,Rotavirus B (isolate RVB/Human/China/ADRV/1982),10942,VP3
tr|B6RUN8|B6RUN8_ROTGA,91,NTL,Rotavirus B (isolate RVB/Human/China/ADRV/1982),10942,VP3
tr|B6RUN8|B6RUN8_ROTGA,105,NSI,Rotavirus B (isolate RVB/Human/China/ADRV/1982),10942,VP3
tr|B6RUN8|B6RUN8_ROTGA,109,NWI,Rotavirus B (isolate RVB/Human/China/ADRV/1982),10942,VP3
tr|B6RUN8|B6RUN8_ROTGA,148,NKM,Rotavirus B (isolate RVB/Human/China/ADRV/1982),10942,VP3
tr|B6RUN8|B6RUN8_ROTGA,167,NFL,Rotavirus B (isolate RVB/Human/China/ADRV/1982),10942,VP3
tr|B6RUN8|B6RUN8_ROTGA,185,NYA,Rotavirus B (isolate RVB/Human/China/ADRV/1982),10942,VP3
tr|B6RUN8|B6RUN8_ROTGA,208,NNW,Rotavirus B (isolate RVB/Human/China/ADRV/1982),10942,VP3
tr|B6RUN8|B6RUN8_ROTGA,211,NVN,Rotavirus B (isolate RVB/Human/China/ADRV/1982),10942,VP3
tr|B6RUN8|B6RUN8_ROTGA,227,NLL,Rotavirus B (isolate RVB/Human/China/ADRV/1982),10942,VP3
tr|B6RUN8|B6RUN8_ROTGA,260,NKK,Rotavirus B (isolate RVB/Human/China/ADRV/1982),10942,VP3
tr|B6RUN8|B6RUN8_ROTGA,266,NYV,Rotavirus B (isolate RVB/Human/China/ADRV/1982),10942,VP3
tr|B6RUN8|B6RUN8_ROTGA,277,NAF,Rotavirus B (isolate RVB/Human/China/ADRV/1982),10942,VP3
tr|B6RUN8|B6RUN8_ROTGA,285,NHV,Rotavirus B (isolate RVB/Human/China/ADRV/1982),10942,VP3
tr|B6RUN8|B6RUN8_ROTGA,299,NTL,Rotavirus B (isolate RVB/Human/China/ADRV/1982),10942,VP3
tr|B6RUN8|B6RUN8_ROTGA,303,NVG,Rotavirus B (isolate RVB/Human/China/ADRV/1982),10942,VP3
tr|B6RUN8|B6RUN8_ROTGA,317,NVV,Rotavirus B (isolate RVB/Human/China/ADRV/1982),10942,VP3
tr|B6RUN8|B6RUN8_ROTGA,328,NSI,Rotavirus B (isolate RVB/Human/China/ADRV/1982),10942,VP3
tr|B6RUN8|B6RUN8_ROTGA,346,NAE,Rotavirus B (isolate RVB/Human/China/ADRV/1982),10942,VP3
tr|B6RUN8|B6RUN8_ROTGA,364,NVW,Rotavirus B (isolate RVB/Human/China/ADRV/1982),10942,VP3
tr|B6RUN8|B6RUN8_ROTGA,373,NKL,Rotavirus B (isolate RVB/Human/China/ADRV/1982),10942,VP3
tr|B6RUN8|B6RUN8_ROTGA,380,NED,Rotavirus B (isolate RVB/Human/China/ADRV/1982),10942,VP3
tr|B6RUN8|B6RUN8_ROTGA,390,NNL,Rotavirus B (isolate RVB/Human/China/ADRV/1982),10942,VP3
tr|B6RUN8|B6RUN8_ROTGA,394,NYV,Rotavirus B (isolate RVB/Human/China/ADRV/1982),10942,VP3
tr|B6RUN8|B6RUN8_ROTGA,413,NIA,Rotavirus B (isolate RVB/Human/China/ADRV/1982),10942,VP3
tr|B6RUN8|B6RUN8_ROTGA,421,NSV,Rotavirus B (isolate RVB/Human/China/ADRV/1982),10942,VP3
tr|B6RUN8|B6RUN8_ROTGA,424,NSP,Rotavirus B (isolate RVB/Human/China/ADRV/1982),10942,VP3
tr|B6RUN8|B6RUN8_ROTGA,519,NFF,Rotavirus B (isolate RVB/Human/China/ADRV/1982),10942,VP3
tr|B6RUN8|B6RUN8_ROTGA,538,NRD,Rotavirus B (isolate RVB/Human/China/ADRV/1982),10942,VP3
tr|B6RUN8|B6RUN8_ROTGA,548,NAY,Rotavirus B (isolate RVB/Human/China/ADRV/1982),10942,VP3
tr|B6RUN8|B6RUN8_ROTGA,552,NRQ,Rotavirus B (isolate RVB/Human/China/ADRV/1982),10942,VP3
tr|B6RUN8|B6RUN8_ROTGA,567,NNF,Rotavirus B (isolate RVB/Human/China/ADRV/1982),10942,VP3
tr|B6RUN8|B6RUN8_ROTGA,613,NAI,Rotavirus B (isolate RVB/Human/China/ADRV/1982),10942,VP3
tr|B6RUN8|B6RUN8_ROTGA,626,NTY,Rotavirus B (isolate RVB/Human/China/ADRV/1982),10942,VP3
tr|B6RUN8|B6RUN8_ROTGA,642,NLV,Rotavirus B (isolate RVB/Human/China/ADRV/1982),10942,VP3
tr|B6RUN8|B6RUN8_ROTGA,646,NKF,Rotavirus B (isolate RVB/Human/China/ADRV/1982),10942,VP3
tr|B6RUN8|B6RUN8_ROTGA,663,NHI,Rotavirus B (isolate RVB/Human/China/ADRV/1982),10942,VP3
tr|B6RUN8|B6RUN8_ROTGA,683,NTI,Rotavirus B (isolate RVB/Human/China/ADRV/1982),10942,VP3
tr|B6RUN8|B6RUN8_ROTGA,696,NDF,Rotavirus B (isolate RVB/Human/China/ADRV/1982),10942,VP3
tr|B6RUN8|B6RUN8_ROTGA,700,NIK,Rotavirus B (isolate RVB/Human/China/ADRV/1982),10942,VP3
tr|B6RUN8|B6RUN8_ROTGA,718,NIL,Rotavirus B (isolate RVB/Human/China/ADRV/1982),10942,VP3
tr|B6RUN8|B6RUN8_ROTGA,744,NVP,Rotavirus B (isolate RVB/Human/China/ADRV/1982),10942,VP3
tr|B6RUN8|B6RUN8_ROTGA,752,NRN,Rotavirus B (isolate RVB/Human/China/ADRV/1982),10942,VP3
tr|D6NGG0|D6NGG0_ROTGA,3,NRQ,,,
tr|D6NGG0|D6NGG0_ROTGA,11,NSH,,,
tr|D6NGG0|D6NGG0_ROTGA,18,NSQ,,,
tr|D6NGG0|D6NGG0_ROTGA,21,NSN,,,
tr|D6NGG0|D6NGG0_ROTGA,62,NCY,,,
tr|D6NGG0|D6NGG0_ROTGA,73,NGV,,,
tr|D6NGG0|D6NGG0_ROTGA,82,NIR,,,
tr|D6NGG1|D6NGG1_ROTGA,45,NSL,,,
tr|D6NGG1|D6NGG1_ROTGA,67,NHE,,,
tr|D6NGG1|D6NGG1_ROTGA,109,NDR,,,
tr|D6NGG1|D6NGG1_ROTGA,125,NLY,,,
tr|D6NGG1|D6NGG1_ROTGA,136,NFF,,,
tr|D6NGG1|D6NGG1_ROTGA,167,NRW,,,
tr|D6NGG1|D6NGG1_ROTGA,177,NSD,,,
tr|D6NGG1|D6NGG1_ROTGA,221,NYE,,,
tr|D6NGG1|D6NGG1_ROTGA,227,NLP,,,
tr|D6NGG1|D6NGG1_ROTGA,231,NSE,,,
tr|D6NGG1|D6NGG1_ROTGA,240,NSP,,,
tr|D6NGG1|D6NGG1_ROTGA,259,NSM,,,
tr|D6NGG1|D6NGG1_ROTGA,275,NTE,,,
tr|D6NGG1|D6NGG1_ROTGA,304,NDH,,,
tr|D6NGG1|D6NGG1_ROTGA,309,NQI,,,
