ProteinID,Site,Sequon,Species,TaxonID,GeneName
sp|B5FXE5|FSP1_TAEGU,247,NSS,Taeniopygia guttata,59729,AIFM2
sp|B5FYQ0|ARL3_TAEGU,176,NVS,Taeniopygia guttata,59729,ARL3
sp|B5FZY7|IF4A3_TAEGU,300,NFT,Taeniopygia guttata,59729,EIF4A3
sp|H0ZAB5|GALT3_TAEGU,482,NFT,Taeniopygia guttata,59729,GALNT3
sp|O73693|EGR1_TAEGU,32,NFS,Taeniopygia guttata,59729,EGR1
sp|O73693|EGR1_TAEGU,169,NFS,Taeniopygia guttata,59729,EGR1
sp|P56971|CNR1_TAEGU,79,NIT,Taeniopygia guttata,59729,CNR1
sp|P56971|CNR1_TAEGU,85,NKS,Taeniopygia guttata,59729,CNR1
sp|P56971|CNR1_TAEGU,391,NST,Taeniopygia guttata,59729,CNR1
sp|Q92112|CP19A_TAEGU,12,NIT,Taeniopygia guttata,59729,CYP19A1
sp|Q92112|CP19A_TAEGU,78,NKT,Taeniopygia guttata,59729,CYP19A1
sp|Q91250|ESR1_TAEGU,45,NKT,Taeniopygia guttata,59729,ESR1
sp|Q91250|ESR1_TAEGU,556,NRS,Taeniopygia guttata,59729,ESR1
sp|Q9I8W8|AL1A2_TAEGU,406,NVT,Taeniopygia guttata,59729,ALDH1A2
sp|Q9I8W8|AL1A2_TAEGU,439,NNS,Taeniopygia guttata,59729,ALDH1A2
sp|B5FXN8|THOC4_TAEGU,16,NRS,Taeniopygia guttata,59729,ALYREF
sp|B5FXZ4|MZT1_TAEGU,69,NMT,Taeniopygia guttata,59729,mzt1
sp|B5FY35|EIF3H_TAEGU,262,NVS,Taeniopygia guttata,59729,EIF3H
sp|B5G0G8|LTOR3_TAEGU,68,NKS,Taeniopygia guttata,59729,LAMTOR3
sp|B5G1P1|IFT43_TAEGU,35,NLS,Taeniopygia guttata,59729,IFT43
sp|B5G279|NCBP2_TAEGU,49,NLS,Taeniopygia guttata,59729,NCBP2
sp|B5G279|NCBP2_TAEGU,105,NGT,Taeniopygia guttata,59729,NCBP2
sp|B5KFI0|GET4_TAEGU,159,NYS,Taeniopygia guttata,59729,GET4
sp|B5KFI0|GET4_TAEGU,209,NKT,Taeniopygia guttata,59729,GET4
sp|B5KFM4|SOSSC_TAEGU,33,NQS,Taeniopygia guttata,59729,INIP
sp|B5FX56|MIX23_TAEGU,35,NTT,Taeniopygia guttata,59729,MIX23
sp|B5FXC9|SMCO4_TAEGU,56,NTT,Taeniopygia guttata,59729,smco4
sp|B5G2S6|KISHA_TAEGU,35,NKS,Taeniopygia guttata,59729,TMEM167A
sp|B5FYC7|LYRM1_TAEGU,53,NVT,Taeniopygia guttata,59729,LYRM1
